username,firstname,lastname,email,password,role,year,course,section,status
xxchrisxx,Christian,Ortiz,chrisortiz806@gmail.com,5e884898da28047151d0e56f8dc6292773603d0d6aabbdd62a11ef721d1542d8,user,1,BSCS,B,enrolled
1,Arwil,Paraiso,chrisortiz806@gmail.com,5e884898da28047151d0e56f8dc6292773603d0d6aabbdd62a11ef721d1542d8,user,1,BSCS,B,pending
2,Raymond Jay,Dollesin,chrisortiz806@gmail.com,5e884898da28047151d0e56f8dc6292773603d0d6aabbdd62a11ef721d1542d8,user,1,BSCS,A,rejected
3,John Bhenevic,Tugado,chrisortiz806@gmail.com,5e884898da28047151d0e56f8dc6292773603d0d6aabbdd62a11ef721d1542d8,user,1,BSCS,A,pending
4,Jose Enrique,delos Reyes,chrisortiz806@gmail.com,5e884898da28047151d0e56f8dc6292773603d0d6aabbdd62a11ef721d1542d8,user,1,BSCS,A,pending
Admin,Christian,Ortiz,chrisortiz806@gmail.com,5e884898da28047151d0e56f8dc6292773603d0d6aabbdd62a11ef721d1542d8,admin
ben,Ben,10,ben@gmail.com,15e2b0d3c33891ebb0f1ef609ec419420c20e320ce94c65fbc8c3312448eb225,user,1,BSCS,A
